{"metadata":{"asset_id":"b29c5c07-e068-4adc-9650-1dd232508e00","asset_attributes":["data_asset","location_definition"],"name":"modeling_records_2022.csv","asset_type":"data_asset","created_at":"2023-06-01T15:22:53Z","origin_country":"us","owner_id":"IBMid-665000IGIF","project_id":"ad1ebd6e-7277-4667-8c3e-615ea302c297","size":20334,"usage":{"last_update_time":1685632973970,"last_updated_at":"2023-06-01T15:22:53Z"}},"entity":{"data_asset":{"mime_type":"text/csv","dataset":false},"location_definition":{"physical_location_code":"DAL","physical_location_code_assigned_by":"IBMid-120000A2MS","physical_location_code_rds_id":"c57cb90f-2126-3800-9c9f-9eab82021cdf","physical_location_code_rds_version":"93703e8d-71ac-45fc-84bc-45b31b2133e4_0","physical_location_code_assignment_method":"INFERRED","physical_location_code_added_on":"1659464074939"}},"attachments":[{"id":"b1c757d3-7b3a-4d4a-8bbe-5c8a7d584269","version":2,"asset_type":"data_asset","name":"modeling_records_2022.csv","mime":"text/csv","datasource_type":"193a97c1-4475-4a19-b90c-295c4fdc6517","object_key":"modeling_records_2022.csv","creator_id":"iam-ServiceId-f49c5558-c247-4983-a04f-7d3c7a3d55da","create_time":1685632973821,"size":20334,"is_remote":false,"is_managed":false,"is_referenced":true,"is_object_key_read_only":false,"is_user_provided_path_key":true,"transfer_complete":true,"is_partitioned":false,"complete_time_ticks":1685632973821,"user_data":{},"test_doc":0,"handle":{"bucket":"l3zip-donotdelete-pr-ydiwj9v3ex5qac","location":"us-south","type":"bluemix_cos","key":"modeling_records_2022.csv","upload_id":"done","max_part_num":1},"usage":{"access_count":0,"last_accessor_id":"iam-ServiceId-f49c5558-c247-4983-a04f-7d3c7a3d55da","last_access_time":1685632973821}}]}
