{"metadata":{"asset_id":"af488b96-bf57-49c9-9ea5-6624dd12b4ae","asset_attributes":["data_asset","location_definition"],"name":"Demofiles.zip","asset_type":"data_asset","created_at":"2023-06-01T15:22:53Z","origin_country":"us","owner_id":"IBMid-665000IGIF","project_id":"ad1ebd6e-7277-4667-8c3e-615ea302c297","size":6942,"usage":{"last_update_time":1685632974164,"last_updated_at":"2023-06-01T15:22:54Z"}},"entity":{"data_asset":{"mime_type":"application/zip","dataset":false},"location_definition":{"physical_location_code":"DAL","physical_location_code_assigned_by":"IBMid-120000A2MS","physical_location_code_rds_id":"c57cb90f-2126-3800-9c9f-9eab82021cdf","physical_location_code_rds_version":"93703e8d-71ac-45fc-84bc-45b31b2133e4_0","physical_location_code_assignment_method":"INFERRED","physical_location_code_added_on":"1659464074939"}},"attachments":[{"id":"8b6f662a-6913-4c01-8c0a-1373e8efc703","version":2,"asset_type":"data_asset","name":"Demofiles.zip","mime":"application/zip","datasource_type":"193a97c1-4475-4a19-b90c-295c4fdc6517","object_key":"Demofiles.zip","creator_id":"iam-ServiceId-f49c5558-c247-4983-a04f-7d3c7a3d55da","create_time":1685632974049,"size":6942,"is_remote":false,"is_managed":false,"is_referenced":true,"is_object_key_read_only":false,"is_user_provided_path_key":true,"transfer_complete":true,"is_partitioned":false,"complete_time_ticks":1685632974049,"user_data":{},"test_doc":0,"handle":{"bucket":"l3zip-donotdelete-pr-ydiwj9v3ex5qac","location":"us-south","type":"bluemix_cos","key":"Demofiles.zip","upload_id":"done","max_part_num":1},"usage":{"access_count":0,"last_accessor_id":"iam-ServiceId-f49c5558-c247-4983-a04f-7d3c7a3d55da","last_access_time":1685632974049}}]}
