{"metadata":{"asset_id":"7ccae755-163f-4dce-9c1f-9d0ddf15bd07","asset_attributes":["notebook"],"name":"04-Deploy function lab","asset_type":"notebook","created_at":"2023-06-01T15:22:55Z","description":"This lab shows how to create and deploy a Python function. It depends on a previous step in the overall lab where the `attrition challenger - spark` model was deployed.","origin_country":"us","owner_id":"IBMid-665000IGIF","project_id":"ad1ebd6e-7277-4667-8c3e-615ea302c297","size":10163,"tags":["notebook"],"usage":{"last_update_time":1685632978846,"last_updated_at":"2023-06-01T15:22:58Z"}},"entity":{"notebook":{"kernel":{"name":"python3","display_name":"Python 3.9","language":"python"},"originates_from":{"type":"file"},"runtime":{"environment":"conda2rt221-ad1ebd6e-7277-4667-8c3e-615ea302c297"}},"location_definition":{"physical_location_code":"DAL","physical_location_code_assigned_by":"IBMid-665000IGIF","physical_location_code_rds_id":"c57cb90f-2126-3800-9c9f-9eab82021cdf","physical_location_code_rds_version":"00002023-0512-4142-8333-131358000000_3","physical_location_code_assignment_method":"INFERRED","physical_location_code_added_on":"1685632965990"}},"attachments":[{"id":"7fb059c9-9e63-4bf7-bb87-f928df4531c4","version":2,"asset_type":"notebook","name":"attachment for notebook 7ccae755-163f-4dce-9c1f-9d0ddf15bd07","description":"attachment for notebook 7ccae755-163f-4dce-9c1f-9d0ddf15bd07","mime":"application/json","datasource_type":"193a97c1-4475-4a19-b90c-295c4fdc6517","object_key":"notebook/04-Deploy_function_lab_iOxp6QoMS.ipynb","creator_id":"IBMid-665000IGIF","create_time":1685632976731,"size":10163,"is_remote":false,"is_managed":false,"is_referenced":true,"is_object_key_read_only":false,"is_user_provided_path_key":true,"transfer_complete":true,"is_partitioned":false,"complete_time_ticks":1685632976731,"user_data":{},"test_doc":0,"handle":{"bucket":"l3zip-donotdelete-pr-ydiwj9v3ex5qac","location":"us-south","type":"bluemix_cos","key":"notebook/04-Deploy_function_lab_iOxp6QoMS.ipynb","upload_id":"done","max_part_num":1},"usage":{"access_count":0,"last_accessor_id":"IBMid-665000IGIF","last_access_time":1685632976731}}]}
