{"metadata":{"asset_id":"4c6b271c-c708-4985-912c-6d464d89433c","asset_attributes":["notebook"],"name":"01-Data access lab","asset_type":"notebook","created_at":"2023-06-01T15:22:55Z","description":"Notebook for the data access portion of the lab.","origin_country":"us","owner_id":"IBMid-665000IGIF","project_id":"ad1ebd6e-7277-4667-8c3e-615ea302c297","size":10599,"tags":["notebook"],"usage":{"last_update_time":1685924505480,"last_updated_at":"2023-06-05T00:21:45Z"}},"entity":{"notebook":{"kernel":{"name":"python3","display_name":"Python 3.9","language":"python"},"originates_from":{"type":"file"},"runtime":{"environment":"conda2rt221-ad1ebd6e-7277-4667-8c3e-615ea302c297"}},"location_definition":{"physical_location_code":"DAL","physical_location_code_assigned_by":"IBMid-665000IGIF","physical_location_code_rds_id":"c57cb90f-2126-3800-9c9f-9eab82021cdf","physical_location_code_rds_version":"00002023-0512-4142-8333-131358000000_3","physical_location_code_assignment_method":"INFERRED","physical_location_code_added_on":"1685632965990"}},"attachments":[{"id":"9e304649-b385-4372-9a65-e6558848a631","version":2,"asset_type":"notebook","name":"attachment for notebook 4c6b271c-c708-4985-912c-6d464d89433c","description":"attachment for notebook 4c6b271c-c708-4985-912c-6d464d89433c","mime":"application/json","datasource_type":"193a97c1-4475-4a19-b90c-295c4fdc6517","object_key":"notebook/01-Data_access_lab_7vhTbh0X2.ipynb","creator_id":"IBMid-665000IGIF","create_time":1685632976240,"size":10599,"is_remote":false,"is_managed":false,"is_referenced":true,"is_object_key_read_only":false,"is_user_provided_path_key":true,"transfer_complete":true,"is_partitioned":false,"complete_time_ticks":1685632976240,"user_data":{},"test_doc":0,"handle":{"bucket":"l3zip-donotdelete-pr-ydiwj9v3ex5qac","location":"us-south","type":"bluemix_cos","key":"notebook/01-Data_access_lab_7vhTbh0X2.ipynb","upload_id":"done","max_part_num":1},"usage":{"access_count":17,"last_accessor_id":"IBMid-665000IGIF","last_access_time":1685924505465,"last_updater_id":"IBMid-665000IGIF","last_update_time":1685924505465}}]}
